{"limiar_medio": 0.43027021767128387, "limiar_alto": 0.6075116498809027}